operation optimale,prix moyen sur la période ,min sur la période,max sur la période,volume ,entrée,sortie,ewma,macd,volatilité,recherche google,prix moyen sur la période  (n-1),min sur la période (n-1),max sur la période (n-1),volume (n-1),entrée (n-1),Sortie (n-1),ewma (n-1),macd (n-1),volatilité (n-1),recherche google (n-1)
"0,74",100,95,102,1000,97,101,98,"98,2","1,1",10000,97,94,100,1200,90,95,92,"92,7","1,7",15000
"0,7431218661","100,3901611556","95,392124987","102,212953707",1008,"97,7754653231","101,0811732068","98,8924841837","98,6275946721","1,1087773514",10087,100,95,102,1000,97,101,98,"98,2","1,1",10000
"0,7478102409","101,1324647143","95,4903688839","102,4948669244",1010,"97,9449336932","101,3506057208","99,7411747069","99,5674527995","1,1133695074",10164,"100,3901611556","95,392124987","102,212953707",1008,"97,7754653231","101,0811732068","98,8924841837","98,6275946721","1,1087773514",10087
"0,7502882138","101,1781260184","96,1072990539","103,1230120761",1016,"98,1416940401","101,7065927809","100,5295245213","99,925467785","1,1231034474",10252,"101,1324647143","95,4903688839","102,4948669244",1010,"97,9449336932","101,3506057208","99,7411747069","99,5674527995","1,1133695074",10164
"0,7514771757","101,3378925517","96,7744919777","103,3484967494",1021,"98,4997800883","102,540113741","100,6942827459","100,6137167264","1,1343473279",10345,"101,1781260184","96,1072990539","103,1230120761",1016,"98,1416940401","101,7065927809","100,5295245213","99,925467785","1,1231034474",10252
"0,752090774","102,1470835947","97,5415118151","103,6290657247",1021,"99,4725497002","102,773834162","101,4206842809","100,8104847516","1,1454458616",10350,"101,3378925517","96,7744919777","103,3484967494",1021,"98,4997800883","102,540113741","100,6942827459","100,6137167264","1,1343473279",10345
"0,759075378","102,4274007633","97,5810375729","104,33010843",1024,"99,9826321254","103,1282252519","101,8239730783","101,737296122","1,1483020803",10353,"102,1470835947","97,5415118151","103,6290657247",1021,"99,4725497002","102,773834162","101,4206842809","100,8104847516","1,1454458616",10350
"0,7646340855","102,5384218052","98,2201311983","104,9524889675",1025,"100,106971426","103,8767086001","102,1040081195","102,5706765882","1,1514751539",10387,"102,4274007633","97,5810375729","104,33010843",1024,"99,9826321254","103,1282252519","101,8239730783","101,737296122","1,1483020803",10353
"0,7711859029","102,8494871375","98,7040907666","105,448595307",1030,"100,9195370296","104,5716351954","102,9156662199","102,9382721674","1,1519558762",10439,"102,5384218052","98,2201311983","104,9524889675",1025,"100,106971426","103,8767086001","102,1040081195","102,5706765882","1,1514751539",10387
"0,7722547322","103,391277711","99,3796755492","105,5315299766",1032,"101,2959858143","105,1120787367","103,8191660168","103,0032078103","1,1549475663",10517,"102,8494871375","98,7040907666","105,448595307",1030,"100,9195370296","104,5716351954","102,9156662199","102,9382721674","1,1519558762",10439
"0,7729287925","104,367442289","100,1903970499","106,2371225334",1038,"101,312048087","105,4409550199","104,3766972489","103,3667980795","1,162469635",10589,"103,391277711","99,3796755492","105,5315299766",1032,"101,2959858143","105,1120787367","103,8191660168","103,0032078103","1,1549475663",10517
"0,7769121659","105,2004378761","100,7053480203","106,3741573928",1039,"101,4188344023","106,3432853647","105,1005744318","104,2308427623","1,1740120808",10600,"104,367442289","100,1903970499","106,2371225334",1038,"101,312048087","105,4409550199","104,3766972489","103,3667980795","1,162469635",10589
"0,7842056088","105,8331831713","100,9941520299","107,2733444438",1040,"102,4355409255","106,5709051909","105,8086110027","104,6090274276","1,178090957",10660,"105,2004378761","100,7053480203","106,3741573928",1039,"101,4188344023","106,3432853647","105,1005744318","104,2308427623","1,1740120808",10600
"0,7859247539","106,8509884738","101,7674010217","107,9901143631",1045,"103,3473492517","107,4127430769","106,0317693187","104,9811733005","1,1815777549",10733,"105,8331831713","100,9941520299","107,2733444438",1040,"102,4355409255","106,5709051909","105,8086110027","104,6090274276","1,178090957",10660
"0,7901287332","107,3583355778","102,2788865154","108,0080380456",1050,"103,8983390228","108,2250802517","106,3537288211","105,30356083","1,1817455036",10790,"106,8509884738","101,7674010217","107,9901143631",1045,"103,3473492517","107,4127430769","106,0317693187","104,9811733005","1,1815777549",10733
"0,7906337959","107,5772666068","103,0267590074","108,1035458329",1056,"104,4938585725","108,8009952702","107,3147479901","105,9267453534","1,1903214843",10807,"107,3583355778","102,2788865154","108,0080380456",1050,"103,8983390228","108,2250802517","106,3537288211","105,30356083","1,1817455036",10790
"0,7930296749","107,7642492527","103,2201639704","109,0673671121",1066,"105,2530332064","109,3212443834","108,0231949844","106,0180591995","1,1999972141",10852,"107,5772666068","103,0267590074","108,1035458329",1056,"104,4938585725","108,8009952702","107,3147479901","105,9267453534","1,1903214843",10807
"0,7938876276","108,0063306258","103,7744710537","109,6566111684",1075,"105,3906620391","110,1355075386","108,3240080991","106,776648802","1,2080793083",10919,"107,7642492527","103,2201639704","109,0673671121",1066,"105,2530332064","109,3212443834","108,0231949844","106,0180591995","1,1999972141",10852
"0,8003856752","108,7973123503","103,9147093334","110,2037662188",1077,"106,3265495987","111,1490542071","109,1699944351","107,8409777367","1,2127380784",11027,"108,0063306258","103,7744710537","109,6566111684",1075,"105,3906620391","110,1355075386","108,3240080991","106,776648802","1,2080793083",10919
"0,8083299278","109,5268623198","104,5758093781","110,4851407279",1080,"106,582906055","112,0613365179","109,5806620042","108,6298360841","1,2145823155",11114,"108,7973123503","103,9147093334","110,2037662188",1077,"106,3265495987","111,1490542071","109,1699944351","107,8409777367","1,2127380784",11027
"0,8146671747","109,6868520695","105,077285789","110,60980665",1085,"107,4334366417","112,2771517783","110,1735537051","109,6221186811","1,2240089738",11214,"109,5268623198","104,5758093781","110,4851407279",1080,"106,582906055","112,0613365179","109,5806620042","108,6298360841","1,2145823155",11114
"0,8173872592","110,0022373895","105,539509892","111,5356092004",1085,"108,0150651136","113,0334007817","110,6821830097","110,5206061978","1,2323399242",11254,"109,6868520695","105,077285789","110,60980665",1085,"107,4334366417","112,2771517783","110,1735537051","109,6221186811","1,2240089738",11214
"0,8190865551","110,2450130649","106,2043006606","111,9070478845",1094,"108,1461577397","113,6564189663","111,3941741335","111,3488534157","1,2412256521",11331,"110,0022373895","105,539509892","111,5356092004",1085,"108,0150651136","113,0334007817","110,6821830097","110,5206061978","1,2323399242",11254
"0,8244939797","110,8589909655","106,5772645835","112,5062370916",1103,"108,8925509104","114,7169906765","112,0358422133","112,2963855742","1,2511684018",11354,"110,2450130649","106,2043006606","111,9070478845",1094,"108,1461577397","113,6564189663","111,3941741335","111,3488534157","1,2412256521",11331
"0,830713826","111,5532485455","107,624937458","113,1906759128",1108,"109,7534723019","115,7401188705","112,9671703155","113,3959154932","1,2584509048",11376,"110,8589909655","106,5772645835","112,5062370916",1103,"108,8925509104","114,7169906765","112,0358422133","112,2963855742","1,2511684018",11354
"0,831989928","112,6033329334","108,0636273261","113,6424445766",1113,"110,7754313142","115,8628015423","113,1799496667","113,9099244839","1,2677262427",11376,"111,5532485455","107,624937458","113,1906759128",1108,"109,7534723019","115,7401188705","112,9671703155","113,3959154932","1,2584509048",11376
"0,8356201028","113,2203585351","108,9844355591","114,5313281151",1114,"111,6479730343","116,3395608924","113,4318474413","114,7352502076","1,273808082",11380,"112,6033329334","108,0636273261","113,6424445766",1113,"110,7754313142","115,8628015423","113,1799496667","113,9099244839","1,2677262427",11376
"0,8410866694","113,794017938","110,0015914815","115,034944016",1115,"112,6728678695","117,3035139138","114,3880473791","115,558179537","1,2820723761",11392,"113,2203585351","108,9844355591","114,5313281151",1114,"111,6479730343","116,3395608924","113,4318474413","114,7352502076","1,273808082",11380
"0,8410899297","114,7804822599","111,0805305663","115,528043835",1121,"113,5379432927","117,6157115623","114,7729029395","116,0607914234","1,284985949",11447,"113,794017938","110,0015914815","115,034944016",1115,"112,6728678695","117,3035139138","114,3880473791","115,558179537","1,2820723761",11392
"0,8483925089","115,8120953352","111,2585283514","115,7986150333",1130,"113,8217962671","118,4428623032","115,8861913871","116,9818760008","1,2879766632",11464,"114,7804822599","111,0805305663","115,528043835",1121,"113,5379432927","117,6157115623","114,7729029395","116,0607914234","1,284985949",11447
"0,8527842892","115,8812687922","112,2878958593","115,8261565599",1140,"114,7634967276","119,2174136654","116,9938427517","117,6866736836","1,3003791049",11514,"115,8120953352","111,2585283514","115,7986150333",1130,"113,8217962671","118,4428623032","115,8861913871","116,9818760008","1,2879766632",11464
"0,8583328225","116,2515017347","112,7376341613","116,5320179862",1140,"115,0040215523","119,5172227004","117,6337786403","118,3691243519","1,3040954555",11625,"115,8812687922","112,2878958593","115,8261565599",1140,"114,7634967276","119,2174136654","116,9938427517","117,6866736836","1,3003791049",11514
"0,8636944804","116,681997007","113,6822663433","117,4115738112",1149,"115,6990780571","119,6334733158","117,7344595361","119,3081665544","1,3106347401",11702,"116,2515017347","112,7376341613","116,5320179862",1140,"115,0040215523","119,5172227004","117,6337786403","118,3691243519","1,3040954555",11625
"0,863918739","117,3068334721","113,804511923","118,1090554343",1157,"116,2509384829","120,415891358","118,1265738919","119,5003871786","1,3223840783",11783,"116,681997007","113,6822663433","117,4115738112",1149,"115,6990780571","119,6334733158","117,7344595361","119,3081665544","1,3106347401",11702
"0,8708702955","118,3968469031","113,8183186422","118,5377362834",1166,"116,5610613571","120,4301722583","118,9544503182","120,058468615","1,3284971161",11881,"117,3068334721","113,804511923","118,1090554343",1157,"116,2509384829","120,415891358","118,1265738919","119,5003871786","1,3223840783",11783
"0,8744606951","118,5014826036","113,9275650669","119,1538631465",1176,"117,6496281503","121,4354285816","118,9752363873","120,9647942312","1,3368186583",11950,"118,3968469031","113,8183186422","118,5377362834",1166,"116,5610613571","120,4301722583","118,9544503182","120,058468615","1,3284971161",11881
"0,8792824226","118,8620390456","114,7878795322","119,9891637074",1177,"118,2040998599","122,5500238654","119,604639002","121,438586994","1,3391271354",12010,"118,5014826036","113,9275650669","119,1538631465",1176,"117,6496281503","121,4354285816","118,9752363873","120,9647942312","1,3368186583",11950
"0,8829285357","119,3521607763","115,126021882","120,8649376462",1177,"119,0614323211","122,7559262587","120,0175464208","121,9360727431","1,3414891017",12100,"118,8620390456","114,7878795322","119,9891637074",1177,"118,2040998599","122,5500238654","119,604639002","121,438586994","1,3391271354",12010
"0,8829314574","119,5802982463","115,2902850199","121,5369785593",1181,"119,9132742291","122,9143398542","120,721497906","122,8861636957","1,3534271689",12157,"119,3521607763","115,126021882","120,8649376462",1177,"119,0614323211","122,7559262587","120,0175464208","121,9360727431","1,3414891017",12100
"0,890260781","120,3070752466","116,2801351196","121,7585562954",1191,"120,4520337317","122,9851478728","121,0564424568","122,9206582175","1,3546958551",12160,"119,5802982463","115,2902850199","121,5369785593",1181,"119,9132742291","122,9143398542","120,721497906","122,8861636957","1,3534271689",12157
"0,8970325697","121,1061912018","116,8563905177","121,9553988726",1191,"121,3204156547","123,1703834776","121,1930384061","124,1422334154","1,36289958",12262,"120,3070752466","116,2801351196","121,7585562954",1191,"120,4520337317","122,9851478728","121,0564424568","122,9206582175","1,3546958551",12160
"0,8985094924","121,8565074022","117,0385826756","122,1608218515",1200,"121,464214064","123,8540218645","121,864552854","124,6724488442","1,3644117414",12297,"121,1061912018","116,8563905177","121,9553988726",1191,"121,3204156547","123,1703834776","121,1930384061","124,1422334154","1,36289958",12262
"0,900547894","122,8522164431","117,9679708634","123,2393058909",1204,"122,4775177702","124,7888402106","122,6759020009","125,855670152","1,375995933",12386,"121,8565074022","117,0385826756","122,1608218515",1200,"121,464214064","123,8540218645","121,864552854","124,6724488442","1,3644117414",12297
"0,9028790464","123,1500092848","118,7339874993","123,2422364516",1206,"122,8958191259","125,4803525365","123,5885792973","126,5040932576","1,3896228706",12439,"122,8522164431","117,9679708634","123,2393058909",1204,"122,4775177702","124,7888402106","122,6759020009","125,855670152","1,375995933",12386
"0,9043385825","123,5601895507","119,2941851333","123,832558264",1215,"123,7802845006","125,7753853515","124,5093702086","126,6869241907","1,3930482634",12563,"123,1500092848","118,7339874993","123,2422364516",1206,"122,8958191259","125,4803525365","123,5885792973","126,5040932576","1,3896228706",12439
"0,9112855175","124,6421364874","119,4614038587","124,0811334231",1220,"124,3746997245","125,9129582935","125,4446376923","126,9826349729","1,3965906497",12666,"123,5601895507","119,2941851333","123,832558264",1215,"123,7802845006","125,7753853515","124,5093702086","126,6869241907","1,3930482634",12563
"0,9142788199","124,8992137492","119,7715278876","125,2038385204",1226,"124,4733685078","126,444343411","125,9234288976","128,2008122846","1,4026077014",12772,"124,6421364874","119,4614038587","124,0811334231",1220,"124,3746997245","125,9129582935","125,4446376923","126,9826349729","1,3965906497",12666
"0,9208669801","125,1235217241","119,8492259505","126,3554800645",1237,"124,5697154369","126,7431268678","126,1966598922","129,0900459941","1,4141881339",12835,"124,8992137492","119,7715278876","125,2038385204",1226,"124,4733685078","126,444343411","125,9234288976","128,2008122846","1,4026077014",12772
"0,9226443039","125,4967507707","120,1902208581","126,933182275",1240,"124,8167884669","127,574932394","126,8044242556","129,4536708502","1,4271891643",12847,"125,1235217241","119,8492259505","126,3554800645",1237,"124,5697154369","126,7431268678","126,1966598922","129,0900459941","1,4141881339",12835
"0,924347032","126,4490686803","121,2722252659","127,6409319901",1242,"125,136610239","127,9715584263","127,455831045","129,9321099632","1,4326947939",12885,"125,4967507707","120,1902208581","126,933182275",1240,"124,8167884669","127,574932394","126,8044242556","129,4536708502","1,4271891643",12847
"0,929312464","127,0328860121","121,5713567988","127,6444784768",1253,"126,3134401741","128,297011593","128,6049056792","130,5992191241","1,4463459998",13009,"126,4490686803","121,2722252659","127,6409319901",1242,"125,136610239","127,9715584263","127,455831045","129,9321099632","1,4326947939",12885
"0,9367634675","127,5604619562","122,2395637469","128,7124122339",1258,"126,471086954","128,4803371826","129,6064427208","131,8312065833","1,4602982031",13052,"127,0328860121","121,5713567988","127,6444784768",1253,"126,3134401741","128,297011593","128,6049056792","130,5992191241","1,4463459998",13009
"0,9430674592","127,9350118807","123,0951461933","129,7661642279",1268,"127,3308083532","128,6629811981","130,0391210638","132,9589388505","1,4641628401",13084,"127,5604619562","122,2395637469","128,7124122339",1258,"126,471086954","128,4803371826","129,6064427208","131,8312065833","1,4602982031",13052
"0,9492510959","128,5340739801","124,3075983306","130,6567900222",1280,"128,1920655968","129,5195417676","130,9524719433","133,325664685","1,4753134589",13159,"127,9350118807","123,0951461933","129,7661642279",1268,"127,3308083532","128,6629811981","130,0391210638","132,9589388505","1,4641628401",13084
"0,9506968638","129,6786865516","124,394477349","131,6458817788",1287,"128,5489393425","130,3885432556","131,0842439505","133,5369281728","1,4850638246",13182,"128,5340739801","124,3075983306","130,6567900222",1280,"128,1920655968","129,5195417676","130,9524719433","133,325664685","1,4753134589",13159
"0,9551484735","130,1544366422","124,6615266082","132,1229956221",1296,"129,4429500865","130,4246024789","131,8425193301","134,7997359867","1,4987217532",13195,"129,6786865516","124,394477349","131,6458817788",1287,"128,5489393425","130,3885432556","131,0842439505","133,5369281728","1,4850638246",13182
"0,9647430659","130,8119494008","125,2171428279","132,9709252779",1298,"130,6364586333","130,7632383793","132,0326656289","135,0414384731","1,5134424272",13249,"130,1544366422","124,6615266082","132,1229956221",1296,"129,4429500865","130,4246024789","131,8425193301","134,7997359867","1,4987217532",13195
"0,965405233","130,8702362258","126,4585544101","133,812851798",1305,"131,7418451397","131,9784185253","133,136142788","135,20819363","1,5178086372",13306,"130,8119494008","125,2171428279","132,9709252779",1298,"130,6364586333","130,7632383793","132,0326656289","135,0414384731","1,5134424272",13249
"0,9718470907","131,918259928","126,8374435279","134,759527521",1313,"131,9241864433","132,0506042068","134,0514781711","135,7290955149","1,51829315",13326,"130,8702362258","126,4585544101","133,812851798",1305,"131,7418451397","131,9784185253","133,136142788","135,20819363","1,5178086372",13306
"0,9773829954","132,9985499841","126,9620066962","134,7624972707",1325,"132,4161241281","132,1726696687","135,3522539868","136,6723288773","1,5232203182",13400,"131,918259928","126,8374435279","134,759527521",1313,"131,9241864433","132,0506042068","134,0514781711","135,7290955149","1,51829315",13326
"0,9781412019","133,8409500932","127,8108200427","135,8370401299",1328,"132,5747578172","132,8384260112","136,1696037318","137,2187755388","1,5327092901",13435,"132,9985499841","126,9620066962","134,7624972707",1325,"132,4161241281","132,1726696687","135,3522539868","136,6723288773","1,5232203182",13400
"0,9843184685","133,913839719","128,6509656205","136,6488265674",1336,"133,3636182168","133,2325753009","136,2390134046","138,0074970513","1,5434049534",13539,"133,8409500932","127,8108200427","135,8370401299",1328,"132,5747578172","132,8384260112","136,1696037318","137,2187755388","1,5327092901",13435
"0,9913906173","135,1908313616","128,9922355695","137,428159861",1342,"134,5228386734","133,3224091297","137,3558803534","139,0419064457","1,5552136827",13586,"133,913839719","128,6509656205","136,6488265674",1336,"133,3636182168","133,2325753009","136,2390134046","138,0074970513","1,5434049534",13539
"0,9990205425","135,8044580524","129,3507538491","138,4690441444",1343,"135,4852647946","133,8495764474","137,4542867986","139,3639642886","1,5698262307",13684,"135,1908313616","128,9922355695","137,428159861",1342,"134,5228386734","133,3224091297","137,3558803534","139,0419064457","1,5552136827",13586
"1,0023102302","136,5557732204","129,7707940381","139,8033185315",1348,"135,549309457","134,5814026225","138,3501358791","140,1508828063","1,5824553399",13771,"135,8044580524","129,3507538491","138,4690441444",1343,"135,4852647946","133,8495764474","137,4542867986","139,3639642886","1,5698262307",13684
"1,0052847906","137,5237815629","130,560142161","140,2517050296",1350,"136,8218635328","134,8573571455","138,4461691443","140,6725080157","1,5851424713",13775,"136,5557732204","129,7707940381","139,8033185315",1348,"135,549309457","134,5814026225","138,3501358791","140,1508828063","1,5824553399",13771
"1,0056831951","138,4464473442","130,7075727417","140,5509575163",1354,"137,14338807","135,5457895743","138,7096479288","141,919434306","1,5946937631",13787,"137,5237815629","130,560142161","140,2517050296",1350,"136,8218635328","134,8573571455","138,4461691443","140,6725080157","1,5851424713",13775
"1,0131704521","138,6072614367","131,661106164","141,8215627777",1362,"138,3770672876","136,7440652916","139,3021694988","142,7673270416","1,5953963831",13896,"138,4464473442","130,7075727417","140,5509575163",1354,"137,14338807","135,5457895743","138,7096479288","141,919434306","1,5946937631",13787
"1,0152969571","139,1506483318","132,7742564893","141,9352392967",1363,"139,0816444511","137,9700695661","140,253593756","143,0085603935","1,6018880749",13939,"138,6072614367","131,661106164","141,8215627777",1362,"138,3770672876","136,7440652916","139,3021694988","142,7673270416","1,5953963831",13896
"1,0199092911","139,2645440056","133,124823822","142,3001979715",1364,"139,8857209544","139,0806832957","140,4315525971","143,9576208931","1,6170859288",14024,"139,1506483318","132,7742564893","141,9352392967",1363,"139,0816444511","137,9700695661","140,253593756","143,0085603935","1,6018880749",13939
"1,0258766181","140,2421779552","133,8517262693","142,892868639",1374,"140,6774369926","139,2110204794","141,1508378439","144,7018489666","1,6185324017",14117,"139,2645440056","133,124823822","142,3001979715",1364,"139,8857209544","139,0806832957","140,4315525971","143,9576208931","1,6170859288",14024
"1,0310537413","141,4645700298","134,0909467591","143,2561859398",1382,"141,0690703786","139,9648053066","142,1499458652","146,0774510385","1,6300626605",14199,"140,2421779552","133,8517262693","142,892868639",1374,"140,6774369926","139,2110204794","141,1508378439","144,7018489666","1,6185324017",14117
"1,0361246016","142,8347048574","135,0972463608","143,595752715",1388,"141,6772416185","140,4357446619","143,1131766413","146,8824659828","1,6375136154",14246,"141,4645700298","134,0909467591","143,2561859398",1382,"141,0690703786","139,9648053066","142,1499458652","146,0774510385","1,6300626605",14199
"1,039013189","143,012292764","135,304886464","143,7858154404",1393,"142,5726382527","141,0625989566","143,7812300408","147,7485896197","1,6538549148",14256,"142,8347048574","135,0972463608","143,595752715",1388,"141,6772416185","140,4357446619","143,1131766413","146,8824659828","1,6375136154",14246
"1,0406724072","143,471243821","136,4412804874","144,4603472738",1404,"143,6301309994","141,4210979583","144,4390871784","147,9289969311","1,6669796859",14321,"143,012292764","135,304886464","143,7858154404",1393,"142,5726382527","141,0625989566","143,7812300408","147,7485896197","1,6538549148",14256
"1,0480883749","143,714617003","137,1772255197","144,7795687105",1417,"144,5366289169","142,1999630793","145,8425143521","148,4954131669","1,6725566499",14327,"143,471243821","136,4412804874","144,4603472738",1404,"143,6301309994","141,4210979583","144,4390871784","147,9289969311","1,6669796859",14321
"1,0482089053","144,919743335","137,9669613328","145,9360573861",1423,"145,8475485541","143,1875614303","146,0727197196","149,8379298664","1,6863622322",14384,"143,714617003","137,1772255197","144,7795687105",1417,"144,5366289169","142,1999630793","145,8425143521","148,4954131669","1,6725566499",14327
"1,0539904117","145,0657039537","139,049333826","146,7726979961",1428,"146,1145449563","143,9316459396","146,9018961397","150,8444238173","1,692934996",14406,"144,919743335","137,9669613328","145,9360573861",1423,"145,8475485541","143,1875614303","146,0727197196","149,8379298664","1,6863622322",14384
"1,056688764","145,0705824913","140,4420811921","147,9065954618",1431,"147,4819507105","145,2386049404","148,3205853911","151,4244113132","1,6988221749",14537,"145,0657039537","139,049333826","146,7726979961",1428,"146,1145449563","143,9316459396","146,9018961397","150,8444238173","1,692934996",14406
"1,0618864826","146,1270926193","141,4165123261","148,5108028258",1436,"148,2562848374","145,6820922613","149,7374159657","152,6045829321","1,7021068295",14539,"145,0705824913","140,4420811921","147,9065954618",1431,"147,4819507105","145,2386049404","148,3205853911","151,4244113132","1,6988221749",14537
"1,064631234","146,5247617653","141,7678777247","149,565192683",1445,"149,6989331604","147,0272684095","150,373753602","152,9293929685","1,7172793139",14599,"146,1270926193","141,4165123261","148,5108028258",1436,"148,2562848374","145,6820922613","149,7374159657","152,6045829321","1,7021068295",14539
"1,0650361128","146,6709070766","142,2592878548","150,771041737",1445,"150,6609844293","147,292023451","150,929741431","154,1796992448","1,7326334535",14692,"146,5247617653","141,7678777247","149,565192683",1445,"149,6989331604","147,0272684095","150,373753602","152,9293929685","1,7172793139",14599
"1,0746042762","147,2500907547","142,9842627771","151,6694656404",1449,"151,9711570026","148,082979879","151,283073373","154,2843710546","1,7374297054",14818,"146,6709070766","142,2592878548","150,771041737",1445,"150,6609844293","147,292023451","150,929741431","154,1796992448","1,7326334535",14692
"1,0847869976","148,7250049249","143,7158641915","151,803969724",1451,"152,3034580721","149,2688307469","151,9955703483","154,4045190899","1,7463300066",14961,"147,2500907547","142,9842627771","151,6694656404",1449,"151,9711570026","148,082979879","151,283073373","154,2843710546","1,7374297054",14818
"1,0896293416","149,2149663621","144,5573086741","152,5748274802",1456,"153,0947462332","149,9736712381","153,0313632521","155,7445398739","1,7622472297",15012,"148,7250049249","143,7158641915","151,803969724",1451,"152,3034580721","149,2688307469","151,9955703483","154,4045190899","1,7463300066",14961
"1,0993292329","150,0360843101","145,5013596357","153,5556341321",1464,"153,2816638718","150,3693881178","154,2319974438","156,5167325622","1,7697387048",15133,"149,2149663621","144,5573086741","152,5748274802",1456,"153,0947462332","149,9736712381","153,0313632521","155,7445398739","1,7622472297",15012
"1,1019075671","150,2194746275","145,6919267833","154,1558281765",1473,"153,417190784","150,5416982862","154,6973412692","157,0419850528","1,7823659245",15263,"150,0360843101","145,5013596357","153,5556341321",1464,"153,2816638718","150,3693881178","154,2319974438","156,5167325622","1,7697387048",15133
"1,1082910731","150,3045295961","146,3171852119","154,9245032587",1482,"153,6334574896","150,6256246979","155,2056880696","157,6976507256","1,7866725823",15400,"150,2194746275","145,6919267833","154,1558281765",1473,"153,417190784","150,5416982862","154,6973412692","157,0419850528","1,7823659245",15263
"1,1151807453","150,4482410579","146,4242531636","156,3722062114",1488,"154,7296278357","151,3008379338","155,2423249902","158,5515163259","1,796105997",15426,"150,3045295961","146,3171852119","154,9245032587",1482,"153,6334574896","150,6256246979","155,2056880696","157,6976507256","1,7866725823",15400
"1,1161885603","151,2499649446","147,8528769341","156,7942643114",1489,"154,9992420429","151,8615912947","155,8550087496","158,8997297547","1,8074915896",15470,"150,4482410579","146,4242531636","156,3722062114",1488,"154,7296278357","151,3008379338","155,2423249902","158,5515163259","1,796105997",15426
"1,1230967996","152,0721907755","148,3815599453","157,386684897",1497,"156,3029711238","153,2805338724","156,1626782559","160,1745937491","1,8191534156",15568,"151,2499649446","147,8528769341","156,7942643114",1489,"154,9992420429","151,8615912947","155,8550087496","158,8997297547","1,8074915896",15470
"1,1287504827","153,5732597652","149,6293901588","158,4668921054",1505,"157,3441383548","154,0422776993","157,7033688567","161,5059438484","1,8310262638",15602,"152,0721907755","148,3815599453","157,386684897",1497,"156,3029711238","153,2805338724","156,1626782559","160,1745937491","1,8191534156",15568
"1,1345114421","154,3073915251","150,5651040122","159,9444914631",1519,"158,7312681437","154,5889271678","157,708101405","162,7375630897","1,8325737068",15720,"153,5732597652","149,6293901588","158,4668921054",1505,"157,3441383548","154,0422776993","157,7033688567","161,5059438484","1,8310262638",15602
"1,1406314195","154,4318579475","150,9020948717","160,0892362996",1529,"158,9670983177","155,9813152323","159,1224328703","163,0055294023","1,8467686298",15817,"154,3073915251","150,5651040122","159,9444914631",1519,"158,7312681437","154,5889271678","157,708101405","162,7375630897","1,8325737068",15720
"1,1492646253","155,5147291691","152,0128409822","160,5439596678",1543,"160,5087848169","156,7253948151","160,6922572597","164,5188356408","1,8583961009",15878,"154,4318579475","150,9020948717","160,0892362996",1529,"158,9670983177","155,9813152323","159,1224328703","163,0055294023","1,8467686298",15817
"1,1548789982","155,8670306258","152,9150221373","160,7112509722",1554,"160,7738808466","156,8415224545","162,232888855","165,5118053029","1,8644536505",16012,"155,5147291691","152,0128409822","160,5439596678",1543,"160,5087848169","156,7253948151","160,6922572597","164,5188356408","1,8583961009",15878
"1,1591228897","156,8235500661","153,9176118335","160,9140953276",1559,"160,9476863902","156,9586839993","163,0186650468","167,1089226969","1,8709360257",16147,"155,8670306258","152,9150221373","160,7112509722",1554,"160,7738808466","156,8415224545","162,232888855","165,5118053029","1,8644536505",16012
"1,1656558304","157,9549400399","155,0888948243","161,4383020197",1566,"162,3319542671","157,3358091641","163,067232031","167,156654828","1,8822142026",16249,"156,8235500661","153,9176118335","160,9140953276",1559,"160,9476863902","156,9586839993","163,0186650468","167,1089226969","1,8709360257",16147
"1,1665892319","158,049675971","155,5653304883","162,1096717174",1581,"162,8084076238","157,8533091257","163,528026046","167,4652587677","1,8829021717",16399,"157,9549400399","155,0888948243","161,4383020197",1566,"162,3319542671","157,3358091641","163,067232031","167,156654828","1,8822142026",16249
"1,1781229186","158,647617345","157,0760568907","162,4204257909",1582,"164,3357929682","158,8347594552","164,1880332223","168,2750061799","1,9013531798",16443,"158,049675971","155,5653304883","162,1096717174",1581,"162,8084076238","157,8533091257","163,528026046","167,4652587677","1,8829021717",16399
"1,1885601057","158,8390346881","158,4514650542","162,9431316898",1584,"164,7828619299","160,1116093446","164,2498664754","169,5162834814","1,9034952564",16516,"158,647617345","157,0760568907","162,4204257909",1582,"164,3357929682","158,8347594552","164,1880332223","168,2750061799","1,9013531798",16443
"1,1938896119","159,0029032605","159,2169536093","163,6667866743",1584,"166,4055245812","161,0249767064","164,9558352967","170,4938547364","1,908612223",16630,"158,8390346881","158,4514650542","162,9431316898",1584,"164,7828619299","160,1116093446","164,2498664754","169,5162834814","1,9034952564",16516
"1,1947024284","159,8801846886","159,9376394865","165,197226679",1591,"166,7580592033","161,0727214731","165,1706872059","170,7547540496","1,926807192",16693,"159,0029032605","159,2169536093","163,6667866743",1584,"166,4055245812","161,0249767064","164,9558352967","170,4938547364","1,908612223",16630
"1,2052343041","160,3729902909","160,0959067205","165,2645906318",1594,"167,616348109","162,1492327122","165,8656403093","172,0716326633","1,9334764477",16837,"159,8801846886","159,9376394865","165,197226679",1591,"166,7580592033","161,0727214731","165,1706872059","170,7547540496","1,926807192",16693
"1,2076658302","160,4435769507","160,1310837151","166,2094950188",1595,"167,8551435752","162,7186034256","166,8277373364","172,8461901129","1,9457679896",16998,"160,3729902909","160,0959067205","165,2645906318",1594,"167,616348109","162,1492327122","165,8656403093","172,0716326633","1,9334764477",16837
"1,2177401737","160,9187409322","160,4708456379","167,7437425612",1602,"168,2763580556","163,7804905441","168,4928729012","173,6447149786","1,9482937157",17056,"160,4435769507","160,1310837151","166,2094950188",1595,"167,8551435752","162,7186034256","166,8277373364","172,8461901129","1,9457679896",16998
"1,2299665116","162,1332937928","160,7285413802","168,0327253764",1608,"169,8311299599","165,3891830542","170,022721363","174,4260061805","1,9585199327",17113,"160,9187409322","160,4708456379","167,7437425612",1602,"168,2763580556","163,7804905441","168,4928729012","173,6447149786","1,9482937157",17056
"1,2339894261","162,6789941539","162,0752491495","168,6508334974",1611,"170,6651623197","166,0991548401","171,1794991258","176,1102792084","1,9603264944",17127,"162,1332937928","160,7285413802","168,0327253764",1608,"169,8311299599","165,3891830542","170,022721363","174,4260061805","1,9585199327",17113
"1,2409292516","163,6073926528","162,2899720069","169,5943869513",1618,"170,9871441109","166,7536262599","171,4482794501","177,3523872775","1,9699695288",17232,"162,6789941539","162,0752491495","168,6508334974",1611,"170,6651623197","166,0991548401","171,1794991258","176,1102792084","1,9603264944",17127
"1,2441512332","164,7168325784","163,7198724876","169,6260553857",1623,"172,0511141852","167,0108870457","171,5821787015","179,075714265","1,984703855",17236,"163,6073926528","162,2899720069","169,5943869513",1618,"170,9871441109","166,7536262599","171,4482794501","177,3523872775","1,9699695288",17232
"1,2484714769","164,8269066385","164,4979426782","169,7596448169",1631,"172,767416116","168,3349402807","171,9332541569","180,0679997644","1,9968894285",17278,"164,7168325784","163,7198724876","169,6260553857",1623,"172,0511141852","167,0108870457","171,5821787015","179,075714265","1,984703855",17236
"1,2552540714","165,9192180735","165,5749658081","170,9877294366",1645,"174,4349171814","169,4902697359","173,3369513911","181,5320815394","2,0126578542",17403,"164,8269066385","164,4979426782","169,7596448169",1631,"172,767416116","168,3349402807","171,9332541569","180,0679997644","1,9968894285",17278
"1,2594864098","166,314602222","165,7005868685","171,8127163949",1658,"175,7688166983","171,0677815794","173,658857236","183,1703513615","2,0321093319",17419,"165,9192180735","165,5749658081","170,9877294366",1645,"174,4349171814","169,4902697359","173,3369513911","181,5320815394","2,0126578542",17403
"1,2632763306","166,8231413627","165,8617795621","173,2199456657",1669,"176,5832529359","172,2394903268","174,3588566362","183,658760503","2,0394943352",17553,"166,314602222","165,7005868685","171,8127163949",1658,"175,7688166983","171,0677815794","173,658857236","183,1703513615","2,0321093319",17419
"1,27417001","168,2696394356","167,1708232873","173,6355692367",1679,"178,0725082372","173,3620552229","174,9976298515","183,9106078263","2,0467588468",17689,"166,8231413627","165,8617795621","173,2199456657",1669,"176,5832529359","172,2394903268","174,3588566362","183,658760503","2,0394943352",17553
"1,2809029851","169,4359486515","167,9363898263","174,2549681781",1689,"178,9926645133","173,418737738","175,2791692321","185,3417659365","2,0628966965",17728,"168,2696394356","167,1708232873","173,6355692367",1679,"178,0725082372","173,3620552229","174,9976298515","183,9106078263","2,0467588468",17689
"1,2834218085","171,1037892849","167,9693214309","174,6520072478",1701,"180,2172898454","173,8828785729","176,4705039644","186,8725867342","2,0800307705",17834,"169,4359486515","167,9363898263","174,2549681781",1689,"178,9926645133","173,418737738","175,2791692321","185,3417659365","2,0628966965",17728
"1,2904280921","171,1193586615","167,975178091","175,7647844217",1706,"180,6414150856","175,4783670662","177,7681301047","187,5785270537","2,0846530783",17873,"171,1037892849","167,9693214309","174,6520072478",1701,"180,2172898454","173,8828785729","176,4705039644","186,8725867342","2,0800307705",17834
"1,2920633146","171,7373137472","169,2500154847","176,0892233188",1718,"180,9908173454","176,5306988538","178,2486811106","188,7285636317","2,1035988126",18041,"171,1193586615","167,975178091","175,7647844217",1706,"180,6414150856","175,4783670662","177,7681301047","187,5785270537","2,0846530783",17873
"1,2955838464","172,4042575286","170,5298159062","177,2383594611",1734,"181,8275022223","177,6218719074","178,2842462651","189,624365382","2,1097837803",18098,"171,7373137472","169,2500154847","176,0892233188",1718,"180,9908173454","176,5306988538","178,2486811106","188,7285636317","2,1035988126",18041
"1,3037722011","174,0260008956","170,5493122218","178,8817345559",1739,"183,3277937156","178,5710583312","179,1164073102","191,2981839731","2,1107185641",18168,"172,4042575286","170,5298159062","177,2383594611",1734,"181,8275022223","177,6218719074","178,2842462651","189,624365382","2,1097837803",18098
"1,3060578762","174,1943256612","171,4003412936","180,2201436664",1749,"185,0101738845","179,7864242375","179,3272751512","193,1993679657","2,1186631525",18301,"174,0260008956","170,5493122218","178,8817345559",1739,"183,3277937156","178,5710583312","179,1164073102","191,2981839731","2,1107185641",18168
"1,3070557379","175,6918192749","172,8691481979","180,8729033973",1765,"186,5800177286","180,9481689946","180,6816654256","195,1273093753","2,1303943237",18430,"174,1943256612","171,4003412936","180,2201436664",1749,"185,0101738845","179,7864242375","179,3272751512","193,1993679657","2,1186631525",18301
"1,3105336289","176,5580735177","174,525926661","181,7054351803",1766,"187,0805438905","181,0693622276","181,9191364028","196,8376594248","2,1323342857",18444,"175,6918192749","172,8691481979","180,8729033973",1765,"186,5800177286","180,9481689946","180,6816654256","195,1273093753","2,1303943237",18430
"1,3139387831","177,631258284","174,594234028","182,3252102562",1779,"188,104343121","182,4527667503","182,3806167219","198,4374803239","2,1415902974",18628,"176,5580735177","174,525926661","181,7054351803",1766,"187,0805438905","181,0693622276","181,9191364028","196,8376594248","2,1323342857",18444
"1,3202709022","178,3072474923","176,0471684661","183,4412410584",1793,"189,6309537294","182,9841965723","183,5298194862","198,4436665676","2,1477358874",18814,"177,631258284","174,594234028","182,3252102562",1779,"188,104343121","182,4527667503","182,3806167219","198,4374803239","2,1415902974",18628
"1,333139759","179,634284263","176,161795675","184,62675969",1800,"189,9387359008","183,9742347162","183,6854047136","198,5222133628","2,1674744334",18814,"178,3072474923","176,0471684661","183,4412410584",1793,"189,6309537294","182,9841965723","183,5298194862","198,4436665676","2,1477358874",18814
"1,3395711809","180,5596875599","177,0722070695","185,4680571678",1817,"191,0684303218","184,0483388927","184,0823367463","199,3836573463","2,1860496359",18943,"179,634284263","176,161795675","184,62675969",1800,"189,9387359008","183,9742347162","183,6854047136","198,5222133628","2,1674744334",18814
"1,3457703186","180,8561732326","178,6212165354","185,8268889178",1832,"192,9480996387","185,7293790504","184,1468131212","200,0725056817","2,1942911179",19101,"180,5596875599","177,0722070695","185,4680571678",1817,"191,0684303218","184,0483388927","184,0823367463","199,3836573463","2,1860496359",18943
"1,3497672357","180,9638496988","179,4021251094","187,1098300948",1846,"193,8429731796","187,4766887907","184,1596614502","200,3017302464","2,1956030164",19144,"180,8561732326","178,6212165354","185,8268889178",1832,"192,9480996387","185,7293790504","184,1468131212","200,0725056817","2,1942911179",19101
"1,3518537347","182,644656059","181,0827807257","187,4575162825",1853,"194,9874802152","187,7933110889","184,4617880928","202,2588976818","2,2132622507",19190,"180,9638496988","179,4021251094","187,1098300948",1846,"193,8429731796","187,4766887907","184,1596614502","200,3017302464","2,1956030164",19144
"1,3556622006","184,3260082287","181,8630090015","188,928630325",1868,"195,0402994893","188,8338032812","184,8202942871","203,2737535816","2,2169569991",19381,"182,644656059","181,0827807257","187,4575162825",1853,"194,9874802152","187,7933110889","184,4617880928","202,2588976818","2,2132622507",19190
"1,3652692389","184,8807854268","183,3387623944","190,5993086333",1873,"196,1829481658","190,7177561157","185,1253431848","203,5605248892","2,2331704178",19534,"184,3260082287","181,8630090015","188,928630325",1868,"195,0402994893","188,8338032812","184,8202942871","203,2737535816","2,2169569991",19381
"1,3747280478","185,8694337025","184,5811748452","192,0004924481",1882,"196,7797293325","191,5458355514","186,2059425611","204,3810552069","2,2346462227",19723,"184,8807854268","183,3387623944","190,5993086333",1873,"196,1829481658","190,7177561157","185,1253431848","203,5605248892","2,2331704178",19534
"1,3857093924","185,9773395402","186,1653789423","193,153156394",1890,"197,8003388941","192,1573489721","187,5567500755","205,6419321407","2,2461376394",19788,"185,8694337025","184,5811748452","192,0004924481",1882,"196,7797293325","191,5458355514","186,2059425611","204,3810552069","2,2346462227",19723
"1,3957621839","186,9012801387","186,1918464141","194,3629808096",1905,"197,9304176345","192,4805056047","188,7493180212","206,8233634253","2,2507737154",19907,"185,9773395402","186,1653789423","193,153156394",1890,"197,8003388941","192,1573489721","187,5567500755","205,6419321407","2,2461376394",19788
"1,4013771453","187,2691294529","186,341689682","195,7929661023",1905,"199,4616141747","192,5740603739","189,0292405765","208,5239013926","2,2723156205",19934,"186,9012801387","186,1918464141","194,3629808096",1905,"197,9304176345","192,4805056047","188,7493180212","206,8233634253","2,2507737154",19907
"1,40508037","188,6682417696","187,3603879697","197,4587112913",1915,"201,2718727373","194,1266719068","190,3009942135","209,6950470005","2,2751222605",20049,"187,2691294529","186,341689682","195,7929661023",1905,"199,4616141747","192,5740603739","189,0292405765","208,5239013926","2,2723156205",19934
"1,4183549717","190,4616551855","188,4785103397","197,8219951441",1920,"201,9251355264","195,0568992982","191,4355956127","210,6877781558","2,2816764331",20238,"188,6682417696","187,3603879697","197,4587112913",1915,"201,2718727373","194,1266719068","190,3009942135","209,6950470005","2,2751222605",20049
"1,4306489339","190,7725768851","188,7404610271","198,6148172263",1928,"202,3817176475","196,1808169195","192,969304225","212,787236422","2,2967872178",20402,"190,4616551855","188,4785103397","197,8219951441",1920,"201,9251355264","195,0568992982","191,4355956127","210,6877781558","2,2816764331",20238
"1,4332797295","191,0865565384","189,7443292939","199,427651352",1937,"204,2149294592","198,1133008055","193,052480083","213,010082866","2,3102985985",20500,"190,7725768851","188,7404610271","198,6148172263",1928,"202,3817176475","196,1808169195","192,969304225","212,787236422","2,2967872178",20402
"1,4389053648","191,3255621128","189,7862969064","200,4804831164",1944,"204,6464855048","198,3656061987","193,6662467241","213,2826291721","2,3219765707",20645,"191,0865565384","189,7443292939","199,427651352",1937,"204,2149294592","198,1133008055","193,052480083","213,010082866","2,3102985985",20500
"1,4400788175","191,7796658248","191,6266226233","201,9461749587",1947,"205,266447712","199,2241834543","194,6717979955","215,0546701301","2,3436284698",20660,"191,3255621128","189,7862969064","200,4804831164",1944,"204,6464855048","198,3656061987","193,6662467241","213,2826291721","2,3219765707",20645
"1,4451009973","192,4790392361","192,3774048795","203,2528666633",1947,"205,909554193","199,3570833087","196,1110422382","216,1461997808","2,3500343679",20717,"191,7796658248","191,6266226233","201,9461749587",1947,"205,266447712","199,2241834543","194,6717979955","215,0546701301","2,3436284698",20660
"1,453244283","193,2917853232","193,2476790141","203,274609082",1956,"206,6309284797","199,5597323866","197,6299386731","217,1312388581","2,3634777313",20820,"192,4790392361","192,3774048795","203,2528666633",1947,"205,909554193","199,3570833087","196,1110422382","216,1461997808","2,3500343679",20717
"1,4620621248","193,5128159486","193,8196868691","205,2746679448",1967,"207,9876115356","199,7503359382","198,6236524468","217,2148586532","2,3803362675",20938,"193,2917853232","193,2476790141","203,274609082",1956,"206,6309284797","199,5597323866","197,6299386731","217,1312388581","2,3634777313",20820
"1,4649917406","194,6803124118","195,0885855503","205,8470233301",1970,"208,0003071298","201,6914564969","199,8924453252","218,1013232235","2,4026220281",21076,"193,5128159486","193,8196868691","205,2746679448",1967,"207,9876115356","199,7503359382","198,6236524468","217,2148586532","2,3803362675",20938
"1,4745825021","196,2816486515","195,9279058937","207,6260532747",1983,"209,8338297065","203,6493178607","200,637206076","219,9445335905","2,4158891738",21156,"194,6803124118","195,0885855503","205,8470233301",1970,"208,0003071298","201,6914564969","199,8924453252","218,1013232235","2,4026220281",21076
"1,4817153875","197,6344431817","196,4869633325","207,7422490475",1992,"211,2743595357","204,9720416918","201,5611257725","221,3099485422","2,419783794",21308,"196,2816486515","195,9279058937","207,6260532747",1983,"209,8338297065","203,6493178607","200,637206076","219,9445335905","2,4158891738",21156
"1,4869155941","197,845036727","198,0698119502","209,230308357",2007,"212,6346420769","205,0182824239","203,168477889","223,0265660002","2,4224979784",21499,"197,6344431817","196,4869633325","207,7422490475",1992,"211,2743595357","204,9720416918","201,5611257725","221,3099485422","2,419783794",21308
"1,4887690056","198,1581431473","198,3900958086","210,393543028",2014,"213,7171473745","206,6543584653","203,4931413261","224,4195917687","2,4312725128",21562,"197,845036727","198,0698119502","209,230308357",2007,"212,6346420769","205,0182824239","203,168477889","223,0265660002","2,4224979784",21499
"1,499974675","200,0053998793","200,2653967829","211,9489408517",2019,"214,3112198378","207,6466342171","203,7809652477","224,8938640086","2,4399385777",21662,"198,1581431473","198,3900958086","210,393543028",2014,"213,7171473745","206,6543584653","203,4931413261","224,4195917687","2,4312725128",21562
"1,5020728683","201,9329564323","201,187578039","213,2922551228",2027,"215,9492382786","207,8623434074","204,4329698342","225,4976178484","2,4595857685",21693,"200,0053998793","200,2653967829","211,9489408517",2019,"214,3112198378","207,6466342171","203,7809652477","224,8938640086","2,4399385777",21662
"1,5048591434","203,4444224049","202,7759092465","215,3904951235",2035,"217,57202302","209,2605622607","205,9605708076","226,2155403426","2,4747169228",21711,"201,9329564323","201,187578039","213,2922551228",2027,"215,9492382786","207,8623434074","204,4329698342","225,4976178484","2,4595857685",21693
"1,516169296","203,6312652224","203,6474630778","215,7068902656",2037,"218,9315244338","210,0935455479","206,4339947739","227,9645066135","2,499249033",21728,"203,4444224049","202,7759092465","215,3904951235",2035,"217,57202302","209,2605622607","205,9605708076","226,2155403426","2,4747169228",21711
"1,5218869577","205,1885114546","204,8520738564","217,5233397109",2041,"220,3512120327","210,1039619473","208,3332380183","228,7341893696","2,5072459751",21852,"203,6312652224","203,6474630778","215,7068902656",2037,"218,9315244338","210,0935455479","206,4339947739","227,9645066135","2,499249033",21728
"1,5331280198","205,6976510142","205,9103557508","218,7312511035",2058,"220,746076954","212,0020768951","209,4269979352","230,5974618838","2,508145653",21984,"205,1885114546","204,8520738564","217,5233397109",2041,"220,3512120327","210,1039619473","208,3332380183","228,7341893696","2,5072459751",21852
"1,5394952599","207,4399109936","206,4582497222","219,2909771944",2063,"222,0685372898","213,4083172061","209,9591124646","232,9126800237","2,5187090389",22150,"205,6976510142","205,9103557508","218,7312511035",2058,"220,746076954","212,0020768951","209,4269979352","230,5974618838","2,508145653",21984
"1,5427624239","209,238787531","208,2624347761","219,6692189306",2069,"223,4882630216","214,8254216862","211,6109235298","234,7581492033","2,5279397735",22249,"207,4399109936","206,4582497222","219,2909771944",2063,"222,0685372898","213,4083172061","209,9591124646","232,9126800237","2,5187090389",22150
"1,548971972","210,0440510051","209,2736454348","221,0845825895",2079,"224,7327280786","216,1158548301","212,4422421559","236,2446729652","2,5422263585",22452,"209,238787531","208,2624347761","219,6692189306",2069,"223,4882630216","214,8254216862","211,6109235298","234,7581492033","2,5279397735",22249
"1,5614073834","210,8361031441","209,640233577","222,1245591773",2086,"226,7419539144","217,5033818617","213,5668694916","237,0367405213","2,5582168503",22549,"210,0440510051","209,2736454348","221,0845825895",2079,"224,7327280786","216,1158548301","212,4422421559","236,2446729652","2,5422263585",22452
"1,5655953023","212,912155988","210,6544403047","222,3342882789",2106,"227,050000821","217,749926114","213,989950211","238,9241739094","2,5786910097",22642,"210,8361031441","209,640233577","222,1245591773",2086,"226,7419539144","217,5033818617","213,5668694916","237,0367405213","2,5582168503",22549
"1,5761721783","214,917461434","210,9298254477","223,1160863986",2118,"227,8702273932","217,972226326","215,5209885807","239,5978470832","2,5980952837",22686,"212,912155988","210,6544403047","222,3342882789",2106,"227,050000821","217,749926114","213,989950211","238,9241739094","2,5786910097",22642
"1,5876948585","215,1900501832","211,3257811146","224,5401311102",2120,"229,4714634538","219,2590292962","216,833441389","241,940834043","2,6047548689",22729,"214,917461434","210,9298254477","223,1160863986",2118,"227,8702273932","217,972226326","215,5209885807","239,5978470832","2,5980952837",22686
"1,5942526596","216,0260033479","212,6709493929","224,9489779781",2123,"230,4673901336","221,1515905072","218,9251665793","242,7761994853","2,6102826478",22842,"215,1900501832","211,3257811146","224,5401311102",2120,"229,4714634538","219,2590292962","216,833441389","241,940834043","2,6047548689",22729
"1,6088252102","217,2603541453","212,711560837","226,0778951713",2125,"231,3223844794","221,6593411122","219,6874765017","244,9687244804","2,6182291019",23029,"216,0260033479","212,6709493929","224,9489779781",2123,"230,4673901336","221,1515905072","218,9251665793","242,7761994853","2,6102826478",22842
"1,6099486987","217,5066571861","214,5680683943","226,1490665339",2130,"232,8856373489","222,7707685204","221,3424735336","246,5637295947","2,6379270034",23116,"217,2603541453","212,711560837","226,0778951713",2125,"231,3223844794","221,6593411122","219,6874765017","244,9687244804","2,6182291019",23029
"1,6179546921","218,0222177996","214,9864012693","227,8410203039",2138,"232,9134751506","222,9696651968","222,6590390184","248,9373305228","2,6499498495",23279,"217,5066571861","214,5680683943","226,1490665339",2130,"232,8856373489","222,7707685204","221,3424735336","246,5637295947","2,6379270034",23116
"1,6319314044","219,5252868466","215,1873582643","229,4560896832",2138,"234,2937940321","224,033896039","224,4299510155","250,9240311786","2,6527615745",23399,"218,0222177996","214,9864012693","227,8410203039",2138,"232,9134751506","222,9696651968","222,6590390184","248,9373305228","2,6499498495",23279
"1,6413282506","221,6899108065","216,0390854208","230,0581159901",2155,"235,2860933584","224,3465833747","225,0238503221","253,2522086131","2,6733663025",23449,"219,5252868466","215,1873582643","229,4560896832",2138,"234,2937940321","224,033896039","224,4299510155","250,9240311786","2,6527615745",23399
"1,6570055431","222,5211134446","216,6508522295","231,2040131843",2171,"236,3724814646","226,4453516746","226,8612836779","254,9669214508","2,6772765505",23597,"221,6899108065","216,0390854208","230,0581159901",2155,"235,2860933584","224,3465833747","225,0238503221","253,2522086131","2,6733663025",23449
"1,6731773932","224,4128820829","217,9071707054","231,2959539426",2184,"236,4554727828","226,9687461328","228,7348293066","255,4999268948","2,703978757",23601,"222,5211134446","216,6508522295","231,2040131843",2171,"236,3724814646","226,4453516746","226,8612836779","254,9669214508","2,6772765505",23597
"1,6738919701","226,3551214322","218,3000715528","233,4255319265",2205,"238,0138539626","228,6462366595","230,452181022","256,0208178088","2,7079719964",23644,"224,4128820829","217,9071707054","231,2959539426",2184,"236,4554727828","226,9687461328","228,7348293066","255,4999268948","2,703978757",23601
"1,6840561616","227,4946583499","219,4421311489","235,2963512337",2208,"238,6069149854","229,4708870648","232,1123139299","257,3782161931","2,7220506428",23779,"226,3551214322","218,3000715528","233,4255319265",2205,"238,0138539626","228,6462366595","230,452181022","256,0208178088","2,7079719964",23644
"1,6972641411","227,878823343","220,6785301505","236,9710460685",2211,"240,5682635253","231,4766622023","234,3094959487","258,0269754022","2,7430733072",23887,"227,4946583499","219,4421311489","235,2963512337",2208,"238,6069149854","229,4708870648","232,1123139299","257,3782161931","2,7220506428",23779
"1,7127240278","228,1109687533","221,8090063273","238,2086896392",2220,"241,9653735999","233,333072602","234,4832524701","259,3020796305","2,7519970473",23959,"227,878823343","220,6785301505","236,9710460685",2211,"240,5682635253","231,4766622023","234,3094959487","258,0269754022","2,7430733072",23887
"1,7195717614","229,7394468947","223,6173834582","239,202030466",2229,"243,1721051349","234,7952276718","235,3486935298","259,8090756623","2,7753542169",24022,"228,1109687533","221,8090063273","238,2086896392",2220,"241,9653735999","233,333072602","234,4832524701","259,3020796305","2,7519970473",23959
"1,7214499641","229,8513946103","224,3637395038","239,4169091082",2239,"243,3746228601","236,2100403856","236,4868952172","260,0095512396","2,7949891788",24133,"229,7394468947","223,6173834582","239,202030466",2229,"243,1721051349","234,7952276718","235,3486935298","259,8090756623","2,7753542169",24022
"1,7276806344","231,2398657588","225,9945919133","240,4215680701",2255,"244,1857174949","237,2671455371","237,9477865306","262,2949908643","2,8072512516",24246,"229,8513946103","224,3637395038","239,4169091082",2239,"243,3746228601","236,2100403856","236,4868952172","260,0095512396","2,7949891788",24133
"1,7365396618","231,7292098573","228,2011635144","241,7433810732",2271,"244,6711437485","238,6122812749","238,8383207102","264,3135320758","2,8254832939",24429,"231,2398657588","225,9945919133","240,4215680701",2255,"244,1857174949","237,2671455371","237,9477865306","262,2949908643","2,8072512516",24246
"1,741162899","233,0885501608","229,9897161611","243,8801599974",2275,"246,8434307127","239,7295005585","238,9987646132","266,0560220219","2,8273451812",24623,"231,7292098573","228,2011635144","241,7433810732",2271,"244,6711437485","238,6122812749","238,8383207102","264,3135320758","2,8254832939",24429
"1,755239035","234,6690909402","232,28367939","244,8777572958",2293,"247,4374866271","240,4242850925","240,0729853238","267,4877362161","2,8309025025",24750,"233,0885501608","229,9897161611","243,8801599974",2275,"246,8434307127","239,7295005585","238,9987646132","266,0560220219","2,8273451812",24623
"1,7652117975","235,6918555115","234,0209040385","246,4082874391",2315,"247,60078436","240,588046953","240,4533442927","269,7362449577","2,8466642371",24968,"234,6690909402","232,28367939","244,8777572958",2293,"247,4374866271","240,4242850925","240,0729853238","267,4877362161","2,8309025025",24750
"1,7671049438","236,2415314169","235,463069401","248,2553888184",2327,"249,7908212669","241,7629561704","240,9249537517","272,4094911216","2,8478343939",25021,"235,6918555115","234,0209040385","246,4082874391",2315,"247,60078436","240,588046953","240,4533442927","269,7362449577","2,8466642371",24968
"1,7715530092","236,974392072","235,7257253192","249,7364234031",2348,"250,4211815916","242,8907603306","243,2561612637","275,0757480941","2,8558416531",25262,"236,2415314169","235,463069401","248,2553888184",2327,"249,7908212669","241,7629561704","240,9249537517","272,4094911216","2,8478343939",25021
"1,7851381238","237,9132035606","237,5604807049","252,076177558",2359,"251,9334766659","244,4180097904","244,1098248966","277,5682271783","2,8713134823",25442,"236,974392072","235,7257253192","249,7364234031",2348,"250,4211815916","242,8907603306","243,2561612637","275,0757480941","2,8558416531",25262
"1,8022540687","238,9052515939","237,826132","252,1923341079",2374,"252,5892647897","246,6637772686","245,8070737569","278,2026734455","2,8760681644",25581,"237,9132035606","237,5604807049","252,076177558",2359,"251,9334766659","244,4180097904","244,1098248966","277,5682271783","2,8713134823",25442
"1,8167099123","241,2985876578","238,6040383797","252,4263659553",2396,"253,8078900922","248,6408441241","247,7519229847","279,2423814012","2,8953328152",25654,"238,9052515939","237,826132","252,1923341079",2374,"252,5892647897","246,6637772686","245,8070737569","278,2026734455","2,8760681644",25581
"1,8298905078","241,4928648208","240,6155921023","254,368718957",2410,"254,8559646114","249,9872883307","250,0220762495","281,4186659932","2,9122740296",25727,"241,2985876578","238,6040383797","252,4263659553",2396,"253,8078900922","248,6408441241","247,7519229847","279,2423814012","2,8953328152",25654
"1,8392324599","242,0864198217","242,6689695554","254,8835016313",2414,"256,3695477053","250,9914185272","251,9880938654","282,1732611377","2,9240855012",25983,"241,4928648208","240,6155921023","254,368718957",2410,"254,8559646114","249,9872883307","250,0220762495","281,4186659932","2,9122740296",25727
"1,8485549422","242,9785240572","243,8516603576","255,2634987678",2432,"256,5503083173","251,9706942318","253,3113816151","282,7483581815","2,9476012159",26197,"242,0864198217","242,6689695554","254,8835016313",2414,"256,3695477053","250,9914185272","251,9880938654","282,1732611377","2,9240855012",25983
"1,8613145728","244,4502270029","244,77119093","256,5045975319",2445,"258,1177764572","252,2164294639","254,8253317645","282,9929432226","2,9523469354",26256,"242,9785240572","243,8516603576","255,2634987678",2432,"256,5503083173","251,9706942318","253,3113816151","282,7483581815","2,9476012159",26197
"1,8613350224","246,5155596552","246,5635253279","258,2465706315",2461,"258,8929606642","254,1424115749","255,3939982736","284,1632546438","2,9708921666",26272,"244,4502270029","244,77119093","256,5045975319",2445,"258,1177764572","252,2164294639","254,8253317645","282,9929432226","2,9523469354",26256
"1,8719145801","247,3370188294","247,3749328072","259,3833970078",2481,"260,6611619778","255,3179924565","256,5352332708","285,6741690928","2,9819742388",26358,"246,5155596552","246,5635253279","258,2465706315",2461,"258,8929606642","254,1424115749","255,3939982736","284,1632546438","2,9708921666",26272
"1,884464025","248,8651582323","247,7462764998","260,4364614823",2487,"262,7818098029","255,8378779667","258,0752191786","287,9489601583","2,9984468648",26497,"247,3370188294","247,3749328072","259,3833970078",2481,"260,6611619778","255,3179924565","256,5352332708","285,6741690928","2,9819742388",26358
"1,8909524979","250,8186031118","248,9031532875","261,1611193612",2510,"264,7863529494","256,2423229463","258,4998750857","288,2124174923","3,0115632559",26716,"248,8651582323","247,7462764998","260,4364614823",2487,"262,7818098029","255,8378779667","258,0752191786","287,9489601583","2,9984468648",26497
"1,9084175773","251,5813429148","249,8714391278","261,3072240284",2513,"266,3701926445","258,0089693569","259,6837296896","290,9032619443","3,0192988588",26728,"250,8186031118","248,9031532875","261,1611193612",2510,"264,7863529494","256,2423229463","258,4998750857","288,2124174923","3,0115632559",26716
"1,9098874988","251,7108172925","251,2088900383","261,7499103915",2520,"267,6429744443","259,3250961429","260,8408128183","293,2140124729","3,043122531",26882,"251,5813429148","249,8714391278","261,3072240284",2513,"266,3701926445","258,0089693569","259,6837296896","290,9032619443","3,0192988588",26728
"1,9139063623","252,910040134","251,722892868","263,9931056804",2521,"269,362178002","259,5620937951","262,7956994464","295,7747102671","3,0585162153",26899,"251,7108172925","251,2088900383","261,7499103915",2520,"267,6429744443","259,3250961429","260,8408128183","293,2140124729","3,043122531",26882
